PolicyID,CustomerID,PolicyType,StartDate,EndDate,Premium,Coverage,ClaimsFiled,RiskScore,Age,Gender,Location
1001,C7225,Home,2023-01-25,2024-01-25,3385.1,Standard,1,2,50,F,Washington
1002,C5674,Life,2023-11-19,2033-11-16,1558.8,Term-20,0,2,59,F,Florida
1003,C4891,Home,2023-05-02,2024-05-01,1295.97,Standard,0,5,22,F,Illinois
1004,C7147,Health,2023-10-21,2024-10-20,4813.99,Family,0,2,46,M,Florida
1005,C1688,Health,2023-05-14,2024-05-13,4989.39,Group,1,5,24,M,Washington
1006,C8608,Home,2023-03-15,2024-03-14,1587.39,Deluxe,0,2,30,M,California
1007,C3050,Home,2023-12-24,2024-12-23,2074.36,Deluxe,3,1,43,F,Ohio
1008,C7229,Life,2023-03-05,2033-03-02,2845.22,Term-20,2,1,73,M,Texas
1009,C1518,Auto,2023-11-15,2024-11-14,1054.56,Collision,0,5,70,M,Ohio
1010,C6748,Auto,2023-01-28,2024-01-28,591.07,Liability,1,1,63,F,New York
1011,C3906,Home,2023-02-17,2024-02-17,2098.36,Deluxe,1,2,22,M,Illinois
1012,C4062,Home,2023-06-04,2024-06-03,984.43,Premium,0,5,46,F,Georgia
1013,C3638,Auto,2023-05-19,2024-05-18,1242.03,Comprehensive,2,2,53,F,Pennsylvania
1014,C4859,Health,2023-08-11,2024-08-10,1079.04,Group,1,1,20,M,Texas
1015,C6425,Health,2023-03-05,2024-03-04,3402.2,Individual,1,2,29,M,Georgia
1016,C3307,Home,2023-04-16,2024-04-15,809.69,Premium,3,1,36,F,Georgia
1017,C1338,Health,2023-07-10,2024-07-09,3196.69,Group,3,2,77,F,Texas
1018,C7463,Auto,2023-08-12,2024-08-11,757.56,Liability,0,5,58,F,New York
1019,C9280,Home,2023-06-06,2024-06-05,1896.17,Premium,2,4,63,F,Illinois
1020,C7900,Health,2023-08-06,2024-08-05,1301.23,Individual,1,3,33,M,Florida
1021,C9543,Health,2023-12-07,2024-12-06,3880.57,Family,2,5,66,M,Illinois
1022,C7023,Home,2023-10-11,2024-10-10,1339.42,Deluxe,2,3,56,F,Washington
1023,C2563,Health,2023-08-08,2024-08-07,1455.17,Individual,3,4,69,F,Georgia
1024,C3651,Life,2023-04-02,2053-03-25,1924.06,Term-10,2,2,48,M,North Carolina
1025,C7070,Life,2023-06-04,2053-05-27,4746.99,Term-10,3,2,69,F,Georgia
1026,C4160,Life,2023-05-21,2043-05-16,2545.83,Term-10,0,5,19,M,New York
1027,C4395,Health,2023-06-07,2024-06-06,3374.63,Individual,0,1,20,M,New York
1028,C3011,Home,2023-11-01,2024-10-31,2225.08,Deluxe,2,2,22,F,California
1029,C1703,Auto,2023-09-01,2024-08-31,1987.47,Comprehensive,2,2,32,F,Florida
1030,C3572,Health,2023-08-01,2024-07-31,566.53,Group,0,3,50,F,North Carolina
1031,C6426,Life,2023-12-07,2043-12-02,4845.54,Term-20,2,1,26,F,Texas
1032,C4732,Life,2023-03-22,2053-03-14,2755.38,Term-20,0,5,67,F,Georgia
1033,C9286,Life,2023-07-27,2053-07-19,1577.78,Term-20,1,3,70,F,Georgia
1034,C3932,Health,2023-02-28,2024-02-28,3801.65,Group,1,5,67,M,Georgia
1035,C1117,Life,2023-05-03,2053-04-25,1677.79,Term-20,1,2,63,M,Texas
1036,C6573,Auto,2023-01-14,2024-01-14,3703.93,Collision,3,3,25,F,Pennsylvania
1037,C7956,Home,2023-03-08,2024-03-07,4074.44,Deluxe,2,1,33,M,North Carolina
1038,C5457,Life,2023-09-04,2053-08-27,4726.58,Term-10,0,1,30,M,New York
1039,C3135,Health,2023-02-21,2024-02-21,1729.47,Individual,2,5,26,F,North Carolina
1040,C7920,Life,2023-09-15,2043-09-10,4690.61,Term-20,2,5,29,M,New York
1041,C9867,Auto,2023-08-07,2024-08-06,4104.14,Liability,2,5,34,F,New York
1042,C5800,Auto,2023-01-17,2024-01-17,1411.43,Liability,2,2,41,M,North Carolina
1043,C2009,Life,2023-10-05,2053-09-27,4389.94,Term-10,2,2,42,F,Illinois
1044,C5696,Health,2023-04-12,2024-04-11,1077.47,Group,1,3,72,F,New York
1045,C8787,Life,2023-04-07,2053-03-30,2919.59,Term-10,2,5,37,F,Washington
1046,C1957,Health,2023-03-10,2024-03-09,1066.19,Group,3,5,71,M,New York
1047,C5372,Health,2023-10-02,2024-10-01,2662.87,Individual,3,1,80,F,Ohio
1048,C1516,Life,2023-05-28,2043-05-23,4832.54,Term-20,2,3,31,F,Illinois
1049,C3721,Health,2023-03-14,2024-03-13,4604.28,Individual,0,5,35,M,Washington
1050,C2305,Auto,2023-11-11,2024-11-10,4648.3,Comprehensive,1,3,54,M,Illinois
1051,C5783,Home,2023-08-25,2024-08-24,2605.54,Premium,3,5,59,M,New York
1052,C4712,Life,2023-11-13,2043-11-08,4007.17,Term-20,3,4,18,F,New York
1053,C2810,Life,2023-02-17,2033-02-14,1142.11,Term-10,1,1,20,M,Illinois
1054,C7400,Health,2023-11-06,2024-11-05,3447.02,Group,0,4,51,F,New York
1055,C2771,Home,2023-08-14,2024-08-13,1448.53,Deluxe,2,1,20,F,Illinois
1056,C2842,Auto,2023-01-13,2024-01-13,3154.23,Comprehensive,1,4,74,F,North Carolina
1057,C3456,Life,2023-12-21,2033-12-18,4930.33,Term-10,3,2,39,M,North Carolina
1058,C1865,Health,2023-09-04,2024-09-03,3171.21,Group,0,5,74,M,Pennsylvania
1059,C2011,Life,2023-07-20,2043-07-15,3529.91,Whole,0,5,26,F,New York
1060,C7368,Life,2023-04-21,2053-04-13,4378.03,Term-20,2,4,69,M,Illinois
1061,C4464,Auto,2023-02-25,2024-02-25,600.98,Liability,0,1,34,F,North Carolina
1062,C3843,Life,2023-01-20,2053-01-12,1971.43,Whole,0,2,39,F,Georgia
1063,C2643,Health,2023-06-11,2024-06-10,3998.82,Family,1,4,40,F,Washington
1064,C5837,Health,2023-04-22,2024-04-21,4106.82,Group,1,5,42,F,Texas
1065,C9310,Auto,2023-05-16,2024-05-15,4447.19,Liability,2,4,35,M,California
1066,C7993,Home,2023-10-19,2024-10-18,2277.77,Premium,0,4,67,M,Georgia
1067,C6154,Life,2023-10-22,2053-10-14,4912.16,Whole,0,2,68,M,California
1068,C9069,Auto,2023-07-14,2024-07-13,3472.48,Collision,0,2,67,M,North Carolina
1069,C2675,Auto,2023-03-12,2024-03-11,735.56,Collision,0,2,21,F,California
1070,C8673,Health,2023-07-23,2024-07-22,4888.19,Family,2,2,24,M,Florida
1071,C9957,Health,2023-08-26,2024-08-25,2911.47,Group,1,1,21,F,New York
1072,C7671,Home,2023-06-03,2024-06-02,1496.93,Deluxe,3,2,38,F,Pennsylvania
1073,C9534,Life,2023-01-11,2043-01-06,3785.26,Term-10,0,2,74,M,New York
1074,C3807,Health,2023-08-22,2024-08-21,2540.91,Individual,0,1,42,M,California
1075,C4593,Auto,2023-08-13,2024-08-12,3544.19,Comprehensive,1,4,52,M,California
1076,C2674,Life,2023-04-20,2053-04-12,4982.89,Term-10,1,4,77,F,Ohio
1077,C1130,Life,2023-06-24,2043-06-19,2086.8,Whole,0,2,34,M,California
1078,C3422,Auto,2023-03-25,2024-03-24,3154.63,Collision,1,1,35,M,North Carolina
1079,C9067,Life,2023-06-01,2043-05-27,3990.36,Term-20,2,5,26,M,New York
1080,C8706,Life,2023-02-14,2043-02-09,620.75,Term-10,0,2,79,M,New York
1081,C5846,Life,2023-01-17,2053-01-09,685.13,Term-10,2,2,35,F,North Carolina
1082,C4510,Auto,2023-03-22,2024-03-21,3987.36,Collision,0,4,49,F,Ohio
1083,C7756,Life,2023-08-22,2033-08-19,2448.55,Term-20,0,2,71,M,Washington
1084,C4392,Home,2023-04-23,2024-04-22,1855.42,Deluxe,1,5,30,F,Illinois
1085,C5684,Health,2023-04-25,2024-04-24,1137.87,Group,1,4,78,M,Ohio
1086,C2101,Home,2023-03-28,2024-03-27,1586.64,Deluxe,3,2,40,M,Pennsylvania
1087,C5141,Home,2023-07-11,2024-07-10,1257.22,Premium,1,4,24,M,California
1088,C7721,Life,2023-09-23,2053-09-15,4558.0,Term-10,0,3,32,F,California
1089,C1714,Home,2023-12-26,2024-12-25,2411.95,Standard,0,2,58,F,New York
1090,C4605,Auto,2023-08-24,2024-08-23,3826.74,Collision,0,5,45,F,Washington
1091,C8010,Auto,2023-10-07,2024-10-06,4977.49,Liability,3,3,64,M,Illinois
1092,C3897,Home,2023-02-03,2024-02-03,3512.13,Standard,3,1,54,M,New York
1093,C9111,Auto,2023-11-06,2024-11-05,2807.33,Collision,2,4,52,M,New York
1094,C3785,Health,2023-08-05,2024-08-04,2888.08,Group,1,4,18,F,Washington
1095,C2109,Life,2023-11-17,2053-11-09,3201.35,Whole,3,3,71,F,Illinois
1096,C4468,Home,2023-02-25,2024-02-25,4781.38,Premium,0,5,58,F,California
1097,C2984,Health,2023-02-12,2024-02-12,3986.32,Group,3,1,65,F,Florida
1098,C5155,Health,2023-11-05,2024-11-04,4805.64,Family,0,2,38,M,Ohio
1099,C3895,Health,2023-09-25,2024-09-24,751.42,Group,3,5,78,M,Georgia
1100,C5855,Life,2023-11-03,2033-10-31,4246.87,Term-10,1,4,74,F,Florida
1101,C3526,Home,2023-11-14,2024-11-13,2480.17,Standard,1,3,65,M,New York
1102,C2568,Health,2023-06-06,2024-06-05,2408.89,Group,2,3,34,F,California
1103,C3632,Health,2023-06-02,2024-06-01,1639.62,Group,1,2,60,M,Texas
1104,C6851,Auto,2023-11-14,2024-11-13,3918.4,Collision,0,3,69,F,Georgia
1105,C1109,Home,2023-04-27,2024-04-26,3411.07,Premium,2,1,75,F,Pennsylvania
1106,C4433,Life,2023-08-03,2043-07-29,4601.57,Whole,3,1,48,F,Illinois
1107,C3452,Health,2023-04-13,2024-04-12,2853.02,Family,3,5,70,F,North Carolina
1108,C7102,Health,2023-12-13,2024-12-12,4402.21,Group,2,3,30,M,Illinois
1109,C1084,Life,2023-09-26,2053-09-18,4285.44,Whole,3,3,24,M,North Carolina
1110,C4194,Home,2023-08-17,2024-08-16,2356.35,Deluxe,2,3,28,F,Ohio
1111,C4785,Home,2023-02-17,2024-02-17,2772.81,Standard,1,5,47,F,Ohio
1112,C6559,Life,2023-04-06,2043-04-01,3368.3,Whole,3,5,54,M,Pennsylvania
1113,C7462,Auto,2023-09-10,2024-09-09,4957.12,Liability,3,1,80,M,North Carolina
1114,C6833,Health,2023-06-16,2024-06-15,1507.12,Individual,0,4,30,F,Florida
1115,C5147,Health,2023-08-04,2024-08-03,2904.26,Group,3,1,56,M,Texas
1116,C2397,Auto,2023-09-20,2024-09-19,2076.19,Comprehensive,0,3,47,F,Georgia
1117,C5633,Home,2023-02-27,2024-02-27,880.74,Deluxe,1,5,51,M,Washington
1118,C8486,Home,2023-09-19,2024-09-18,4847.32,Premium,3,4,76,M,Ohio
1119,C6293,Life,2023-04-26,2043-04-21,2961.33,Term-10,2,1,26,F,California
1120,C8820,Health,2023-07-11,2024-07-10,2839.74,Individual,3,1,41,F,North Carolina
1121,C1277,Health,2023-03-22,2024-03-21,3095.42,Group,0,4,61,M,Illinois
1122,C3893,Auto,2023-09-15,2024-09-14,1168.06,Collision,1,2,48,M,Illinois
1123,C9937,Auto,2023-11-11,2024-11-10,839.59,Collision,3,5,63,F,North Carolina
1124,C8237,Auto,2023-07-06,2024-07-05,602.31,Liability,2,2,70,M,North Carolina
1125,C8623,Life,2023-06-28,2043-06-23,2138.53,Term-10,1,5,64,M,Georgia
1126,C1710,Life,2023-12-01,2033-11-28,4744.42,Whole,2,3,29,M,Illinois
1127,C1308,Auto,2023-12-14,2024-12-13,3903.02,Liability,0,4,41,F,Washington
1128,C4008,Auto,2023-03-12,2024-03-11,3167.63,Liability,3,5,48,M,Pennsylvania
1129,C9899,Home,2023-11-09,2024-11-08,1327.61,Deluxe,0,2,76,F,Texas
1130,C3065,Auto,2023-04-28,2024-04-27,2208.22,Liability,3,2,59,M,Pennsylvania
1131,C5192,Life,2023-07-28,2033-07-25,1063.77,Term-10,0,5,20,F,Georgia
1132,C2125,Home,2023-11-10,2024-11-09,4427.75,Standard,3,1,47,M,Florida
1133,C1072,Health,2023-02-16,2024-02-16,1814.37,Group,2,3,39,M,Florida
1134,C2163,Health,2023-05-24,2024-05-23,4148.14,Group,3,5,48,M,Illinois
1135,C3078,Home,2023-11-22,2024-11-21,3621.83,Deluxe,3,1,37,F,California
1136,C4375,Home,2023-02-17,2024-02-17,4768.92,Deluxe,1,5,22,F,Ohio
1137,C6006,Auto,2023-01-02,2024-01-02,2921.43,Liability,0,1,44,M,North Carolina
1138,C3352,Auto,2023-03-16,2024-03-15,4385.41,Comprehensive,1,4,42,F,Ohio
1139,C6162,Health,2023-05-16,2024-05-15,1441.48,Group,0,5,35,M,Ohio
1140,C3066,Health,2023-07-26,2024-07-25,2305.16,Group,0,3,25,F,Georgia
1141,C6044,Life,2023-01-25,2043-01-20,980.52,Term-10,2,3,69,F,New York
1142,C1425,Auto,2023-05-21,2024-05-20,2155.5,Liability,2,4,30,F,Illinois
1143,C8026,Health,2023-01-26,2024-01-26,4783.17,Individual,2,3,24,M,Pennsylvania
1144,C9428,Life,2023-12-08,2043-12-03,2264.51,Term-10,1,5,27,M,New York
1145,C2869,Home,2023-11-04,2024-11-03,3715.36,Premium,0,5,23,F,Illinois
1146,C9813,Life,2023-10-15,2053-10-07,3651.15,Whole,3,2,61,M,Georgia
1147,C9001,Life,2023-10-21,2033-10-18,2120.27,Whole,2,3,80,M,California
1148,C8880,Auto,2023-11-28,2024-11-27,3081.48,Liability,3,3,63,M,Illinois
1149,C9212,Home,2023-09-14,2024-09-13,2385.25,Deluxe,1,3,57,M,New York
1150,C8876,Life,2023-06-28,2043-06-23,3294.52,Term-10,2,1,27,F,Illinois
1151,C2417,Home,2023-01-03,2024-01-03,3202.47,Deluxe,2,3,29,F,Ohio
1152,C1743,Home,2023-08-17,2024-08-16,3578.47,Standard,1,3,53,F,California
1153,C4985,Life,2023-03-04,2053-02-24,4892.01,Term-20,3,3,34,F,New York
1154,C2329,Life,2023-12-18,2043-12-13,3817.4,Whole,2,5,61,M,Washington
1155,C4184,Life,2023-09-28,2043-09-23,1710.64,Term-20,2,2,66,F,Ohio
1156,C5009,Auto,2023-06-16,2024-06-15,4559.84,Liability,1,2,64,F,New York
1157,C5536,Health,2023-06-09,2024-06-08,4274.02,Family,1,3,47,M,Washington
1158,C1743,Life,2023-08-11,2053-08-03,961.06,Term-20,1,3,63,M,Texas
1159,C9430,Auto,2023-06-28,2024-06-27,3238.86,Comprehensive,2,3,56,M,Illinois
1160,C5609,Life,2023-10-22,2053-10-14,2374.73,Term-10,2,4,68,F,Illinois
1161,C4019,Home,2023-05-06,2024-05-05,1470.26,Deluxe,3,3,73,F,New York
1162,C8215,Auto,2023-03-15,2024-03-14,3064.46,Liability,3,3,76,M,Georgia
1163,C3278,Auto,2023-07-08,2024-07-07,3341.07,Comprehensive,2,3,21,M,California
1164,C6605,Health,2023-10-26,2024-10-25,4042.23,Group,0,5,73,F,California
1165,C4139,Home,2023-11-21,2024-11-20,4302.13,Standard,2,3,73,M,Georgia
1166,C1787,Home,2023-06-24,2024-06-23,3358.22,Deluxe,3,2,25,F,Ohio
1167,C4252,Life,2023-02-14,2053-02-06,2907.91,Term-10,1,2,36,M,Pennsylvania
1168,C2215,Life,2023-04-28,2033-04-25,1082.34,Term-10,1,4,74,F,North Carolina
1169,C8092,Auto,2023-06-02,2024-06-01,748.4,Liability,0,1,75,M,Illinois
1170,C6096,Auto,2023-10-27,2024-10-26,2901.55,Collision,3,5,55,M,Washington
1171,C4799,Home,2023-05-07,2024-05-06,3531.75,Deluxe,1,2,40,M,Ohio
1172,C2664,Auto,2023-02-12,2024-02-12,1423.28,Comprehensive,1,4,57,F,California
1173,C9939,Life,2023-07-04,2033-07-01,2006.8,Whole,3,4,37,F,California
1174,C1525,Life,2023-05-23,2053-05-15,2773.02,Whole,1,1,53,M,Washington
1175,C9816,Home,2023-07-10,2024-07-09,4412.58,Premium,1,2,79,M,Texas
1176,C7846,Home,2023-07-27,2024-07-26,3081.38,Deluxe,1,1,22,F,Pennsylvania
1177,C7850,Life,2023-07-27,2053-07-19,4598.11,Whole,3,4,30,M,North Carolina
1178,C6493,Auto,2023-03-01,2024-02-29,1827.98,Liability,0,5,45,M,California
1179,C6848,Life,2023-08-26,2043-08-21,1425.7,Term-10,1,5,72,F,Washington
1180,C9619,Auto,2023-02-17,2024-02-17,1042.95,Liability,1,5,49,F,Illinois
1181,C2211,Home,2023-04-05,2024-04-04,3947.33,Deluxe,0,3,54,M,Illinois
1182,C5149,Auto,2023-02-01,2024-02-01,628.98,Liability,3,5,57,F,Texas
1183,C9478,Life,2023-12-08,2043-12-03,4655.21,Term-10,2,4,31,F,Illinois
1184,C4042,Health,2023-08-23,2024-08-22,4041.34,Individual,0,4,55,M,North Carolina
1185,C8266,Auto,2023-11-19,2024-11-18,2195.47,Collision,0,5,28,M,Washington
1186,C3312,Auto,2023-12-19,2024-12-18,3916.36,Liability,1,5,54,M,Illinois
1187,C2059,Home,2023-02-09,2024-02-09,1788.0,Premium,1,4,26,M,North Carolina
1188,C4822,Home,2023-11-20,2024-11-19,1998.1,Premium,2,3,34,F,Texas
1189,C6182,Life,2023-06-13,2053-06-05,4360.99,Whole,2,3,75,F,New York
1190,C1207,Auto,2023-05-06,2024-05-05,2035.61,Liability,3,4,26,M,Illinois
1191,C6720,Auto,2023-08-02,2024-08-01,1593.87,Collision,3,2,53,F,Texas
1192,C4387,Home,2023-09-26,2024-09-25,3893.09,Deluxe,0,5,53,F,Pennsylvania
1193,C4025,Health,2023-04-21,2024-04-20,3662.58,Group,2,3,51,F,Georgia
1194,C2413,Home,2023-07-10,2024-07-09,2576.3,Standard,1,1,49,M,Illinois
1195,C2166,Life,2023-04-02,2053-03-25,1591.47,Whole,0,1,33,F,Texas
1196,C1256,Auto,2023-09-13,2024-09-12,1111.74,Liability,1,5,80,F,Texas
1197,C8742,Home,2023-01-08,2024-01-08,4471.65,Premium,1,3,51,F,Texas
1198,C7886,Health,2023-06-23,2024-06-22,4747.13,Family,3,2,31,M,Ohio
1199,C2581,Home,2023-09-11,2024-09-10,2619.35,Deluxe,2,3,43,F,Illinois
1200,C4951,Life,2023-10-13,2033-10-10,997.4,Term-10,1,3,61,M,North Carolina
1201,C6467,Life,2023-09-06,2033-09-03,2752.21,Whole,3,5,25,M,Texas
1202,C7576,Auto,2023-09-02,2024-09-01,4131.13,Liability,2,3,62,F,Texas
1203,C4967,Health,2023-07-08,2024-07-07,690.27,Group,2,5,74,F,Florida
1204,C6783,Auto,2023-01-21,2024-01-21,4497.37,Comprehensive,3,3,27,M,North Carolina
1205,C8313,Auto,2023-06-18,2024-06-17,3815.82,Liability,1,2,58,M,Washington
1206,C9635,Life,2023-07-07,2043-07-02,1302.02,Term-20,2,5,45,M,Pennsylvania
1207,C8371,Life,2023-11-25,2033-11-22,4746.55,Term-10,0,4,69,M,North Carolina
1208,C7801,Home,2023-10-27,2024-10-26,3939.73,Premium,1,2,44,F,Ohio
1209,C7003,Life,2023-05-25,2053-05-17,3892.33,Whole,0,4,75,F,Florida
1210,C7138,Life,2023-11-13,2053-11-05,1164.78,Term-10,1,3,57,F,Texas
1211,C7598,Life,2023-03-11,2033-03-08,1456.48,Term-10,0,1,42,M,Ohio
1212,C2588,Life,2023-05-18,2033-05-15,4844.45,Term-10,1,4,28,M,North Carolina
1213,C2547,Home,2023-02-16,2024-02-16,4535.62,Standard,3,4,23,M,Illinois
1214,C7580,Home,2023-04-08,2024-04-07,4676.46,Deluxe,0,1,70,M,Ohio
1215,C8263,Life,2023-11-02,2043-10-28,4590.73,Term-20,1,2,67,M,Illinois
1216,C7801,Life,2023-07-12,2033-07-09,1985.03,Term-20,2,3,71,F,New York
1217,C8679,Auto,2023-11-02,2024-11-01,1374.17,Collision,2,1,38,F,Florida
1218,C3550,Life,2023-01-15,2033-01-12,524.58,Term-20,3,2,56,F,Washington
1219,C6324,Home,2023-04-22,2024-04-21,3664.7,Premium,0,4,24,F,North Carolina
1220,C6849,Life,2023-02-05,2033-02-02,4806.63,Term-10,2,3,28,M,Georgia
1221,C2608,Home,2023-11-17,2024-11-16,3338.77,Premium,2,5,48,M,Ohio
1222,C6781,Auto,2023-01-17,2024-01-17,3312.74,Liability,3,2,53,M,Florida
1223,C4284,Home,2023-05-12,2024-05-11,2512.25,Standard,0,5,45,M,Ohio
1224,C3140,Health,2023-02-25,2024-02-25,4903.58,Individual,3,2,77,F,New York
1225,C3334,Health,2023-01-11,2024-01-11,1651.86,Group,2,3,46,M,Washington
1226,C4340,Auto,2023-12-05,2024-12-04,1579.16,Comprehensive,2,5,28,M,New York
1227,C7234,Life,2023-05-26,2043-05-21,3222.17,Term-20,1,3,24,F,Pennsylvania
1228,C7799,Health,2023-02-05,2024-02-05,1731.9,Group,3,4,67,F,Illinois
1229,C1612,Auto,2023-09-10,2024-09-09,4155.97,Collision,0,1,78,M,Florida
1230,C3025,Auto,2023-02-24,2024-02-24,2880.71,Liability,0,5,24,M,Texas
1231,C7933,Life,2023-10-18,2033-10-15,4345.88,Whole,1,2,20,F,California
1232,C3376,Auto,2023-02-09,2024-02-09,4664.7,Comprehensive,2,3,41,F,Pennsylvania
1233,C6547,Home,2023-05-22,2024-05-21,3441.44,Deluxe,2,1,46,F,Illinois
1234,C5295,Life,2023-05-27,2043-05-22,1506.94,Term-10,0,1,21,M,New York
1235,C7473,Auto,2023-11-18,2024-11-17,887.32,Comprehensive,1,5,63,M,Pennsylvania
1236,C7909,Life,2023-03-28,2033-03-25,4325.28,Term-10,0,2,51,M,Georgia
1237,C6100,Auto,2023-01-10,2024-01-10,2062.09,Collision,3,3,76,F,Illinois
1238,C5721,Health,2023-02-24,2024-02-24,2653.88,Family,1,3,20,F,Florida
1239,C3303,Life,2023-08-17,2053-08-09,2852.18,Term-10,0,2,25,M,Texas
1240,C1197,Life,2023-11-01,2033-10-29,1672.38,Term-10,1,1,69,M,Washington
1241,C1721,Health,2023-05-13,2024-05-12,770.08,Individual,2,2,39,F,Pennsylvania
1242,C6061,Auto,2023-06-17,2024-06-16,2989.12,Collision,3,1,69,M,Washington
1243,C2316,Health,2023-06-21,2024-06-20,4457.02,Family,2,5,35,M,Texas
1244,C4637,Health,2023-12-02,2024-12-01,3389.38,Family,2,3,41,M,California
1245,C5061,Life,2023-11-08,2043-11-03,2575.59,Whole,2,2,61,F,Washington
1246,C2257,Health,2023-05-09,2024-05-08,4068.99,Individual,1,2,26,M,New York
1247,C4617,Health,2023-07-05,2024-07-04,4835.98,Individual,3,5,22,M,North Carolina
1248,C2580,Home,2023-03-28,2024-03-27,4016.75,Standard,0,4,54,F,Florida
1249,C8020,Health,2023-02-21,2024-02-21,4588.69,Family,3,3,35,M,Georgia
1250,C5012,Life,2023-08-25,2043-08-20,4184.9,Term-10,0,2,22,M,North Carolina
1251,C7122,Life,2023-07-06,2033-07-03,4600.37,Whole,0,4,41,F,New York
1252,C4778,Life,2023-05-22,2053-05-14,4834.98,Term-20,0,2,44,M,Florida
1253,C4916,Health,2023-10-27,2024-10-26,656.94,Family,2,1,27,M,Pennsylvania
1254,C6603,Auto,2023-08-02,2024-08-01,4391.37,Liability,1,2,26,F,Texas
1255,C7438,Health,2023-02-17,2024-02-17,4740.27,Group,0,5,71,M,Ohio
1256,C4534,Home,2023-02-24,2024-02-24,4584.99,Premium,2,1,67,F,Pennsylvania
1257,C5278,Home,2023-09-09,2024-09-08,4217.88,Deluxe,1,1,58,M,Washington
1258,C6171,Health,2023-08-03,2024-08-02,4293.59,Family,0,5,38,F,California
1259,C5287,Auto,2023-03-01,2024-02-29,4218.71,Collision,0,3,66,F,Washington
1260,C6041,Home,2023-10-18,2024-10-17,2602.13,Standard,2,5,32,M,Texas
1261,C8196,Home,2023-05-06,2024-05-05,3909.08,Deluxe,3,1,47,F,Ohio
1262,C7509,Life,2023-12-18,2033-12-15,3498.76,Term-20,3,5,69,F,Georgia
1263,C1816,Home,2023-05-09,2024-05-08,3079.74,Deluxe,0,4,46,F,North Carolina
1264,C8509,Auto,2023-03-25,2024-03-24,2652.74,Collision,1,1,42,M,North Carolina
1265,C4966,Health,2023-12-26,2024-12-25,2377.74,Individual,1,3,67,F,Ohio
1266,C4398,Home,2023-09-16,2024-09-15,2613.46,Standard,0,4,67,M,Texas
1267,C6792,Auto,2023-08-07,2024-08-06,2400.92,Collision,2,1,73,F,California
1268,C6275,Auto,2023-08-22,2024-08-21,965.14,Collision,1,2,24,F,Ohio
1269,C2452,Health,2023-11-25,2024-11-24,1826.68,Individual,3,3,60,M,Illinois
1270,C4363,Health,2023-06-06,2024-06-05,4230.52,Family,3,5,73,M,Pennsylvania
1271,C1526,Health,2023-10-05,2024-10-04,1846.2,Group,1,5,48,M,Pennsylvania
1272,C6467,Health,2023-01-18,2024-01-18,4734.02,Family,1,2,52,M,Texas
1273,C9692,Health,2023-03-20,2024-03-19,1135.26,Group,0,5,51,M,Florida
1274,C8661,Auto,2023-11-08,2024-11-07,4578.75,Liability,3,4,45,M,North Carolina
1275,C8459,Health,2023-11-07,2024-11-06,602.54,Individual,0,1,41,F,Illinois
1276,C8942,Home,2023-12-02,2024-12-01,676.28,Deluxe,1,5,78,F,Florida
1277,C3614,Health,2023-10-09,2024-10-08,3099.29,Group,3,2,45,M,Ohio
1278,C1141,Home,2023-08-22,2024-08-21,1171.76,Premium,1,4,30,M,Florida
1279,C7168,Life,2023-04-15,2043-04-10,758.67,Term-20,3,3,70,F,Illinois
1280,C5258,Auto,2023-04-08,2024-04-07,4295.85,Collision,3,3,56,M,Illinois
1281,C6447,Home,2023-02-20,2024-02-20,2475.76,Deluxe,3,3,76,M,Pennsylvania
1282,C3207,Life,2023-06-08,2043-06-03,2804.83,Whole,1,2,45,M,Florida
1283,C1890,Life,2023-12-12,2043-12-07,4753.82,Term-20,2,2,78,M,Pennsylvania
1284,C2042,Life,2023-07-23,2033-07-20,665.2,Term-20,0,4,69,M,Georgia
1285,C3126,Life,2023-01-17,2033-01-14,1388.43,Whole,3,4,66,M,Texas
1286,C7684,Home,2023-08-27,2024-08-26,3385.51,Deluxe,2,2,76,M,Florida
1287,C9786,Health,2023-01-20,2024-01-20,1794.34,Family,0,4,48,M,Washington
1288,C4400,Health,2023-11-06,2024-11-05,1181.79,Family,2,4,69,F,Pennsylvania
1289,C9353,Health,2023-07-09,2024-07-08,3723.93,Group,3,2,36,M,New York
1290,C9506,Life,2023-11-13,2043-11-08,4884.56,Term-10,2,2,18,F,California
1291,C3550,Auto,2023-11-03,2024-11-02,3256.83,Comprehensive,1,4,77,M,North Carolina
1292,C8601,Auto,2023-10-08,2024-10-07,1301.18,Comprehensive,1,5,71,M,Florida
1293,C1326,Health,2023-11-25,2024-11-24,3990.96,Individual,1,4,19,F,Ohio
1294,C9404,Health,2023-06-16,2024-06-15,2478.61,Group,0,2,42,M,New York
1295,C4229,Auto,2023-05-24,2024-05-23,2140.87,Collision,0,5,76,M,Florida
1296,C6481,Home,2023-09-01,2024-08-31,4638.36,Premium,2,1,62,M,Florida
1297,C3083,Auto,2023-03-20,2024-03-19,4522.8,Collision,3,3,80,F,Florida
1298,C1711,Home,2023-09-26,2024-09-25,2975.62,Deluxe,2,5,75,M,Texas
1299,C6380,Life,2023-09-06,2033-09-03,4934.71,Term-10,3,1,77,M,Pennsylvania
1300,C8275,Auto,2023-09-26,2024-09-25,4989.46,Comprehensive,0,4,44,F,Ohio
1301,C8167,Health,2023-07-27,2024-07-26,3306.97,Family,3,5,50,M,North Carolina
1302,C7378,Health,2023-08-17,2024-08-16,1908.66,Family,0,2,34,F,Washington
1303,C4361,Auto,2023-06-09,2024-06-08,4521.94,Liability,0,2,49,F,Pennsylvania
1304,C1564,Health,2023-07-24,2024-07-23,4624.73,Individual,0,3,33,F,Illinois
1305,C3990,Life,2023-01-22,2033-01-19,3272.07,Whole,2,4,56,F,Washington
1306,C7010,Life,2023-04-26,2033-04-23,4835.08,Whole,1,2,38,F,New York
1307,C3368,Health,2023-12-09,2024-12-08,817.11,Group,0,4,77,F,Ohio
1308,C4791,Health,2023-04-13,2024-04-12,769.5,Group,2,1,77,F,Washington
1309,C5351,Health,2023-10-10,2024-10-09,1436.24,Individual,1,4,28,F,Georgia
1310,C1232,Home,2023-08-21,2024-08-20,4339.15,Premium,0,3,41,M,Washington
1311,C1009,Life,2023-03-24,2043-03-19,4445.66,Whole,0,2,66,M,Georgia
1312,C6146,Life,2023-05-04,2053-04-26,1538.72,Whole,3,2,63,M,Texas
1313,C6776,Auto,2023-11-07,2024-11-06,3141.62,Collision,3,3,42,F,Illinois
1314,C6122,Health,2023-01-02,2024-01-02,1418.11,Group,3,3,27,M,Washington
1315,C2693,Auto,2023-01-17,2024-01-17,2014.87,Liability,0,4,79,F,Pennsylvania
1316,C3084,Auto,2023-10-26,2024-10-25,940.57,Comprehensive,1,3,43,M,Texas
1317,C8753,Health,2023-09-01,2024-08-31,2849.0,Group,0,3,21,F,New York
1318,C6021,Health,2023-06-16,2024-06-15,2028.84,Individual,1,2,74,F,California
1319,C1262,Life,2023-12-23,2053-12-15,2629.42,Whole,3,2,49,M,Pennsylvania
1320,C3823,Auto,2023-07-14,2024-07-13,4573.54,Liability,0,2,61,F,Ohio
1321,C9955,Auto,2023-03-25,2024-03-24,3041.59,Collision,2,2,35,F,Washington
1322,C3600,Home,2023-06-07,2024-06-06,4219.84,Premium,3,2,47,F,Ohio
1323,C6242,Auto,2023-10-13,2024-10-12,1145.22,Comprehensive,1,3,52,M,Illinois
1324,C3596,Auto,2023-11-24,2024-11-23,3501.82,Comprehensive,1,4,70,M,Washington
1325,C8126,Home,2023-08-16,2024-08-15,2422.04,Deluxe,1,2,58,F,Pennsylvania
1326,C5983,Health,2023-12-25,2024-12-24,4653.35,Family,1,1,24,M,Georgia
1327,C7700,Health,2023-05-13,2024-05-12,4831.59,Group,2,4,62,M,California
1328,C5936,Home,2023-10-11,2024-10-10,1223.79,Premium,0,3,54,M,Georgia
1329,C7073,Home,2023-08-28,2024-08-27,1595.13,Standard,0,3,55,F,Texas
1330,C4594,Home,2023-12-15,2024-12-14,1144.82,Premium,3,3,53,M,California
1331,C5387,Home,2023-06-16,2024-06-15,3078.15,Premium,3,4,49,M,Pennsylvania
1332,C8859,Life,2023-11-22,2053-11-14,708.33,Term-10,2,5,34,M,Pennsylvania
1333,C1433,Auto,2023-06-07,2024-06-06,2396.39,Liability,3,1,44,M,Ohio
1334,C6689,Home,2023-12-26,2024-12-25,4043.46,Deluxe,3,3,37,F,California
1335,C7257,Life,2023-04-19,2043-04-14,2145.24,Term-10,3,4,52,M,Illinois
1336,C1753,Life,2023-11-13,2043-11-08,1451.56,Whole,1,3,78,M,Washington
1337,C1488,Home,2023-01-14,2024-01-14,725.33,Premium,2,4,21,M,Georgia
1338,C5195,Home,2023-11-22,2024-11-21,3538.5,Premium,3,2,59,M,California
1339,C7995,Life,2023-11-27,2043-11-22,1664.22,Term-10,2,3,32,M,Ohio
1340,C4325,Health,2023-05-06,2024-05-05,4872.89,Group,0,3,42,M,Texas
1341,C4944,Auto,2023-05-20,2024-05-19,3984.0,Collision,1,1,60,F,Ohio
1342,C7651,Life,2023-03-03,2043-02-26,2167.91,Term-10,2,1,42,M,Illinois
1343,C1834,Home,2023-08-12,2024-08-11,1157.28,Standard,1,5,50,F,Illinois
1344,C1408,Health,2023-12-14,2024-12-13,3019.48,Individual,1,1,35,F,Georgia
1345,C1024,Life,2023-09-08,2033-09-05,3122.2,Term-10,0,2,55,F,Washington
1346,C1902,Auto,2023-02-14,2024-02-14,2812.16,Collision,3,4,63,M,Ohio
1347,C1202,Health,2023-04-17,2024-04-16,1831.15,Family,3,4,24,M,California
1348,C3952,Health,2023-04-17,2024-04-16,2033.74,Individual,1,4,53,M,Georgia
1349,C4972,Life,2023-07-11,2033-07-08,3673.65,Term-10,2,4,22,F,Texas
1350,C9334,Home,2023-07-12,2024-07-11,4000.53,Premium,1,4,28,F,Washington
1351,C3501,Life,2023-11-01,2053-10-24,3342.36,Whole,1,2,48,F,Georgia
1352,C5800,Health,2023-05-19,2024-05-18,1446.58,Family,1,1,28,F,New York
1353,C3322,Auto,2023-12-24,2024-12-23,1933.94,Collision,2,3,60,F,Georgia
1354,C7505,Health,2023-03-13,2024-03-12,2844.92,Family,3,4,59,F,Illinois
1355,C3681,Health,2023-04-23,2024-04-22,4163.33,Group,0,5,40,M,Washington
1356,C4054,Life,2023-01-12,2043-01-07,1383.44,Whole,2,3,59,F,Texas
1357,C6942,Health,2023-12-11,2024-12-10,4220.58,Group,2,3,46,F,Pennsylvania
1358,C2889,Auto,2023-08-25,2024-08-24,3522.78,Comprehensive,0,1,30,M,Washington
1359,C6167,Life,2023-08-06,2053-07-29,638.96,Whole,1,3,56,M,Texas
1360,C6456,Home,2023-06-22,2024-06-21,1244.49,Deluxe,0,5,29,F,Texas
1361,C7140,Life,2023-04-24,2033-04-21,2404.22,Term-20,3,2,40,F,Illinois
1362,C7421,Health,2023-05-22,2024-05-21,1201.15,Group,0,2,75,M,California
1363,C1594,Home,2023-10-08,2024-10-07,3412.9,Standard,0,4,32,M,California
1364,C8112,Home,2023-08-19,2024-08-18,2617.33,Premium,0,5,44,M,Texas
1365,C5960,Health,2023-10-12,2024-10-11,3904.61,Individual,3,3,45,M,Pennsylvania
1366,C8442,Auto,2023-10-09,2024-10-08,4577.46,Liability,0,1,26,F,Georgia
1367,C4701,Life,2023-08-18,2033-08-15,1716.96,Whole,2,4,69,M,California
1368,C7484,Health,2023-06-09,2024-06-08,2737.19,Group,2,4,29,F,North Carolina
1369,C7588,Health,2023-09-17,2024-09-16,3823.22,Individual,0,1,28,F,Illinois
1370,C5683,Home,2023-10-06,2024-10-05,4423.78,Premium,1,4,55,F,Illinois
1371,C7952,Life,2023-11-28,2043-11-23,677.36,Whole,1,4,24,M,Texas
1372,C5386,Life,2023-03-04,2053-02-24,3534.86,Term-20,3,4,67,F,California
1373,C6144,Auto,2023-08-16,2024-08-15,4926.67,Liability,2,2,48,F,North Carolina
1374,C7678,Life,2023-08-23,2053-08-15,3722.43,Term-20,3,4,74,F,Florida
1375,C8554,Home,2023-06-12,2024-06-11,4969.14,Deluxe,1,4,61,F,New York
1376,C1470,Health,2023-01-24,2024-01-24,2624.7,Group,1,2,52,M,Texas
1377,C5747,Health,2023-12-17,2024-12-16,4188.37,Family,3,5,36,M,New York
1378,C3925,Health,2023-11-11,2024-11-10,1389.95,Individual,3,2,34,M,North Carolina
1379,C8474,Home,2023-10-06,2024-10-05,4611.27,Standard,3,4,20,M,Illinois
1380,C6309,Auto,2023-06-27,2024-06-26,1399.33,Comprehensive,1,3,56,M,New York
1381,C8407,Home,2023-08-01,2024-07-31,3839.68,Standard,0,2,21,M,New York
1382,C6046,Home,2023-10-07,2024-10-06,3769.53,Premium,0,2,24,M,North Carolina
1383,C2834,Health,2023-02-24,2024-02-24,1598.85,Group,0,4,18,M,Illinois
1384,C9293,Auto,2023-04-18,2024-04-17,1102.62,Comprehensive,2,5,78,M,Florida
1385,C4475,Home,2023-06-26,2024-06-25,529.92,Deluxe,3,2,53,F,Georgia
1386,C5707,Home,2023-01-21,2024-01-21,2990.06,Deluxe,3,2,53,F,Washington
1387,C2715,Life,2023-08-09,2053-08-01,4807.21,Term-20,0,2,42,M,California
1388,C2721,Health,2023-02-23,2024-02-23,3424.35,Family,2,2,27,F,Georgia
1389,C6995,Health,2023-03-11,2024-03-10,1530.72,Family,3,2,26,M,Georgia
1390,C2929,Health,2023-01-17,2024-01-17,4892.84,Individual,0,5,58,M,Texas
1391,C4854,Life,2023-02-07,2033-02-04,4287.8,Whole,3,2,21,F,Washington
1392,C6358,Auto,2023-05-15,2024-05-14,2204.66,Liability,2,3,56,M,New York
1393,C3982,Home,2023-04-18,2024-04-17,4528.03,Standard,0,5,33,F,New York
1394,C7844,Health,2023-11-18,2024-11-17,929.57,Individual,1,2,32,F,Pennsylvania
1395,C6380,Home,2023-09-25,2024-09-24,4275.07,Premium,1,1,40,F,Florida
1396,C2867,Life,2023-08-15,2043-08-10,1042.43,Term-20,0,4,18,M,North Carolina
1397,C9749,Health,2023-09-26,2024-09-25,1200.19,Family,2,1,47,M,New York
1398,C1183,Home,2023-11-04,2024-11-03,2126.27,Premium,2,3,66,F,Pennsylvania
1399,C8191,Life,2023-01-12,2053-01-04,4511.67,Term-10,1,4,28,F,North Carolina
1400,C6779,Health,2023-07-03,2024-07-02,4216.74,Individual,1,1,40,F,New York
1401,C7838,Life,2023-09-07,2053-08-30,2049.81,Term-10,3,5,75,F,Washington
1402,C9230,Auto,2023-06-19,2024-06-18,1402.26,Liability,1,3,33,F,Texas
1403,C6945,Auto,2023-07-02,2024-07-01,912.12,Comprehensive,3,5,24,M,Washington
1404,C4756,Home,2023-01-11,2024-01-11,2348.08,Standard,0,5,68,F,California
1405,C8886,Auto,2023-06-20,2024-06-19,1597.56,Collision,1,3,76,M,Texas
1406,C9639,Home,2023-07-16,2024-07-15,1255.67,Standard,0,1,48,F,Florida
1407,C1107,Auto,2023-02-15,2024-02-15,2936.41,Liability,1,5,68,M,Texas
1408,C6600,Health,2023-03-04,2024-03-03,2351.04,Group,1,3,52,F,Ohio
1409,C4184,Home,2023-06-01,2024-05-31,2053.69,Premium,0,2,40,M,Washington
1410,C2047,Life,2023-11-28,2043-11-23,1518.91,Whole,3,5,70,M,Texas
1411,C9902,Life,2023-02-01,2043-01-27,4067.95,Term-20,1,5,64,M,Texas
1412,C3458,Home,2023-11-21,2024-11-20,1908.72,Deluxe,3,2,62,F,California
1413,C4399,Auto,2023-03-07,2024-03-06,3421.8,Collision,3,3,38,F,North Carolina
1414,C3024,Auto,2023-02-03,2024-02-03,2587.31,Comprehensive,2,3,45,F,Pennsylvania
1415,C1383,Health,2023-11-27,2024-11-26,4632.97,Individual,2,3,76,F,North Carolina
1416,C1089,Life,2023-01-13,2053-01-05,1481.11,Term-10,1,2,69,M,Texas
1417,C7875,Health,2023-06-10,2024-06-09,2837.09,Family,3,1,55,F,Ohio
1418,C7222,Auto,2023-05-01,2024-04-30,506.53,Comprehensive,0,2,72,M,Texas
1419,C4710,Auto,2023-06-23,2024-06-22,4047.68,Comprehensive,1,2,80,F,New York
1420,C5274,Auto,2023-03-25,2024-03-24,4683.58,Comprehensive,0,1,48,M,Pennsylvania
1421,C8528,Life,2023-04-18,2043-04-13,2420.83,Term-10,1,5,29,F,New York
1422,C2780,Health,2023-01-22,2024-01-22,871.54,Group,3,2,58,M,Washington
1423,C1776,Auto,2023-07-26,2024-07-25,3378.55,Liability,2,4,80,F,North Carolina
1424,C4438,Health,2023-02-01,2024-02-01,4034.42,Group,0,4,28,F,California
1425,C2948,Health,2023-04-27,2024-04-26,3574.67,Family,0,4,19,F,Pennsylvania
1426,C7690,Life,2023-05-23,2043-05-18,3150.64,Term-10,1,2,40,M,Texas
1427,C6044,Home,2023-07-14,2024-07-13,2000.28,Standard,3,5,44,M,Texas
1428,C9468,Life,2023-05-18,2033-05-15,4832.13,Whole,0,3,38,M,Florida
1429,C5250,Home,2023-06-14,2024-06-13,2597.22,Standard,3,2,76,M,New York
1430,C3575,Auto,2023-10-15,2024-10-14,4439.39,Collision,0,2,78,M,Ohio
1431,C3918,Auto,2023-08-04,2024-08-03,2299.66,Liability,1,3,67,F,Illinois
1432,C9963,Auto,2023-12-09,2024-12-08,3792.55,Liability,2,2,62,M,Georgia
1433,C2351,Auto,2023-08-22,2024-08-21,1775.62,Comprehensive,0,4,25,F,California
1434,C2190,Health,2023-07-06,2024-07-05,2718.34,Group,0,2,60,F,Texas
1435,C7973,Life,2023-04-21,2043-04-16,2181.42,Term-10,0,5,72,F,California
1436,C4449,Life,2023-07-14,2053-07-06,1078.93,Term-10,3,3,23,M,Texas
1437,C5527,Health,2023-01-21,2024-01-21,2880.63,Group,2,1,34,M,New York
1438,C9508,Auto,2023-01-21,2024-01-21,4797.5,Comprehensive,1,5,56,F,Ohio
1439,C2352,Life,2023-12-19,2043-12-14,3333.02,Term-20,1,1,21,F,California
1440,C1955,Auto,2023-01-26,2024-01-26,1305.07,Comprehensive,3,1,19,F,New York
1441,C4629,Auto,2023-12-19,2024-12-18,1641.23,Comprehensive,1,2,69,F,Texas
1442,C2155,Life,2023-10-20,2053-10-12,3610.44,Term-20,2,5,59,M,North Carolina
1443,C8438,Auto,2023-04-12,2024-04-11,980.46,Collision,1,2,45,F,North Carolina
1444,C4943,Life,2023-09-01,2033-08-29,2534.74,Whole,3,2,32,F,New York
1445,C9962,Health,2023-06-14,2024-06-13,2436.05,Family,3,1,37,M,Illinois
1446,C9788,Life,2023-03-08,2033-03-05,540.0,Whole,1,5,65,F,Pennsylvania
1447,C9157,Auto,2023-12-01,2024-11-30,1822.4,Comprehensive,0,3,27,F,Washington
1448,C4639,Health,2023-12-08,2024-12-07,2413.71,Individual,3,3,75,M,North Carolina
1449,C5782,Life,2023-08-07,2033-08-04,4533.35,Whole,1,1,35,F,Washington
1450,C8661,Life,2023-03-12,2033-03-09,3472.85,Term-10,3,3,35,M,Washington
1451,C9476,Life,2023-05-18,2043-05-13,2463.51,Term-10,3,4,41,M,Texas
1452,C8431,Home,2023-01-04,2024-01-04,4201.26,Deluxe,0,1,66,F,Florida
1453,C8803,Home,2023-07-18,2024-07-17,1682.41,Premium,3,2,54,M,Florida
1454,C4719,Health,2023-10-01,2024-09-30,3550.08,Group,3,3,33,F,Florida
1455,C4075,Auto,2023-12-17,2024-12-16,1557.16,Collision,1,2,59,M,New York
1456,C9907,Home,2023-04-18,2024-04-17,3771.52,Standard,0,4,66,F,Pennsylvania
1457,C2267,Home,2023-02-24,2024-02-24,4584.15,Premium,1,5,36,M,Georgia
1458,C6124,Auto,2023-10-21,2024-10-20,1054.21,Comprehensive,0,4,21,M,California
1459,C1929,Health,2023-12-15,2024-12-14,954.44,Family,1,3,66,M,North Carolina
1460,C2762,Life,2023-03-07,2053-02-27,4087.92,Term-10,3,4,69,M,Florida
1461,C6646,Life,2023-01-04,2033-01-01,834.25,Term-20,0,4,61,M,North Carolina
1462,C7734,Health,2023-10-11,2024-10-10,2450.31,Group,3,3,59,F,Washington
1463,C8455,Life,2023-01-19,2043-01-14,1691.64,Whole,0,3,79,M,Pennsylvania
1464,C8904,Health,2023-01-09,2024-01-09,1273.18,Family,0,5,35,M,Georgia
1465,C3873,Health,2023-11-28,2024-11-27,1677.78,Group,0,3,34,M,Ohio
1466,C2974,Health,2023-05-02,2024-05-01,3722.29,Family,0,2,69,F,Illinois
1467,C3746,Life,2023-11-24,2033-11-21,609.46,Term-20,2,3,29,M,California
1468,C4055,Home,2023-03-05,2024-03-04,1887.42,Premium,2,2,39,F,California
1469,C3462,Life,2023-01-02,2052-12-25,3638.65,Whole,0,2,50,F,Ohio
1470,C8638,Health,2023-07-07,2024-07-06,3006.65,Group,1,2,24,F,Texas
1471,C4509,Home,2023-06-12,2024-06-11,925.72,Premium,1,3,76,F,Pennsylvania
1472,C8771,Life,2023-08-26,2043-08-21,4389.32,Term-10,2,4,64,M,Florida
1473,C3322,Home,2023-03-07,2024-03-06,2144.51,Standard,1,4,53,F,Texas
1474,C6512,Health,2023-12-06,2024-12-05,1272.99,Family,1,2,38,M,California
1475,C5329,Home,2023-06-25,2024-06-24,4988.88,Premium,3,2,43,M,Texas
1476,C2751,Health,2023-12-08,2024-12-07,4177.69,Family,3,3,33,F,Washington
1477,C1011,Auto,2023-12-06,2024-12-05,1671.29,Collision,2,3,50,F,Washington
1478,C7215,Life,2023-11-07,2043-11-02,2124.73,Whole,3,2,33,M,Illinois
1479,C2721,Life,2023-12-02,2053-11-24,2607.3,Whole,1,2,34,F,Florida
1480,C2182,Health,2023-03-20,2024-03-19,1944.24,Family,0,5,57,F,Illinois
1481,C8454,Life,2023-05-12,2043-05-07,3962.51,Term-10,1,4,52,F,Georgia
1482,C7045,Home,2023-08-08,2024-08-07,4386.98,Deluxe,3,3,20,F,Georgia
1483,C7386,Life,2023-12-22,2053-12-14,3338.02,Whole,0,5,78,F,North Carolina
1484,C4691,Home,2023-04-25,2024-04-24,1857.68,Premium,1,1,44,M,Illinois
1485,C5054,Life,2023-07-27,2043-07-22,4657.66,Term-10,1,1,49,M,Washington
1486,C8189,Auto,2023-07-20,2024-07-19,1501.36,Collision,3,3,35,F,Texas
1487,C7259,Health,2023-01-23,2024-01-23,4513.46,Group,0,3,49,M,Illinois
1488,C3913,Health,2023-10-07,2024-10-06,899.25,Family,0,3,18,M,Ohio
1489,C5992,Life,2023-08-25,2043-08-20,1171.5,Term-10,2,3,43,F,Ohio
1490,C5941,Home,2023-06-09,2024-06-08,1913.15,Standard,3,1,55,M,Pennsylvania
1491,C8589,Life,2023-02-07,2033-02-04,2464.07,Term-20,0,2,74,F,California
1492,C4022,Auto,2023-09-14,2024-09-13,1701.78,Collision,1,4,76,F,Ohio
1493,C3836,Life,2023-04-16,2053-04-08,729.36,Term-20,3,1,52,M,Texas
1494,C4912,Home,2023-10-07,2024-10-06,2196.19,Standard,2,3,32,M,Georgia
1495,C4910,Life,2023-10-24,2053-10-16,4169.35,Whole,0,1,27,M,North Carolina
1496,C7540,Life,2023-11-16,2053-11-08,4934.97,Whole,0,2,35,F,North Carolina
1497,C3930,Home,2023-05-04,2024-05-03,3848.24,Deluxe,2,2,63,F,Pennsylvania
1498,C3583,Health,2023-05-17,2024-05-16,1408.08,Individual,3,4,26,M,Ohio
1499,C9691,Auto,2023-06-08,2024-06-07,1496.58,Collision,1,1,19,F,California
1500,C8032,Auto,2023-09-25,2024-09-24,4851.04,Liability,2,2,37,F,Ohio
